"nameVect","meanVect","medianVect","modeVect","maxVect","minVect","lengthVect","sizeVect"
"Grass-Poison",62.7142857142857,60,60,114,40,15,15
"Grass-",63.8,65,75,123,30,48,33
"Grass-Flying",76.3333333333333,75,35,100,35,53,5
"Grass-Dragon",70,70,70,70,70,54,1
"Grass-Ground",95,95,95,95,95,55,1
"Grass-Fairy",50,50,40,60,40,57,2
"Grass-Fighting",79.6666666666667,88,60,91,60,60,3
"Grass-Psychic",77.5,77.5,60,95,60,62,2
"Grass-Steel",59,59,44,74,44,64,2
"Grass-Ice",80,90,90,90,60,67,3
"Grass-Dark",76.6666666666667,70,70,90,70,70,3
"Fire-",60.8333333333333,62,65,115,38,98,28
"Fire-Flying",81,78,78,106,62,104,6
"Fire-Dragon",78,78,78,78,78,105,1
"Fire-Ground",66.6666666666667,70,70,70,60,108,3
"Fire-Fighting",78.6666666666667,80,80,110,60,115,7
"Fire-Psychic",90,90,105,105,75,117,2
"Fire-Steel",91,91,91,91,91,118,1
"Fire-Rock",50,50,50,50,50,119,1
"Fire-Water",80,80,80,80,80,120,1
"Fire-Normal",74,74,62,86,62,122,2
"Water-Poison",61.6666666666667,65,40,80,40,125,3
"Water-",61.8,59,50,170,20,184,59
"Water-Flying",62.3333333333333,62,95,95,40,191,7
"Water-Dragon",82.5,82.5,75,90,75,193,2
"Water-Ground",92.5,97.5,100,111,50,203,10
"Water-Fairy",85,85,70,100,70,205,2
"Water-Grass",60,60,40,80,40,208,3
"Water-Fighting",90.6666666666667,91,91,91,90,211,3
"Water-Psychic",93.3333333333333,95,95,95,60,216,5
"Water-Steel",84,84,84,84,84,217,1
"Water-Ice",90,90,90,130,50,220,3
"Water-Rock",64.5,64.5,55,100,54,224,4
"Water-Dark",68.75,70,70,95,45,230,6
"Water-Electric",100,100,75,125,75,232,2
"Water-Ghost",77.5,77.5,55,100,55,234,2
"Bug-Poison",55,60,40,70,30,246,12
"Bug-",49.2857142857143,50,50,80,37,263,17
"Bug-Flying",65.1666666666667,65,70,86,30,277,14
"Bug-Ground",45.5,45.5,31,60,31,279,2
"Bug-Grass",55,57.5,60,75,35,285,6
"Bug-Fighting",80,80,80,80,80,287,2
"Bug-Steel",70,70,70,75,58,294,7
"Bug-Rock",46.6666666666667,50,20,70,20,297,3
"Bug-Water",40,40,40,40,40,298,1
"Bug-Electric",60,60,50,70,50,300,2
"Bug-Fire",70,70,55,85,55,302,2
"Bug-Ghost",1,1,1,1,1,303,1
"Normal-",72.12,73,55,255,30,364,61
"Normal-Flying",59.7,60,40,100,35,388,24
"Normal-Ground",85,85,85,85,85,389,1
"Normal-Fairy",102.666666666667,103,115,140,50,394,5
"Normal-Grass",70,70,60,80,60,396,2
"Normal-Fighting",82.5,82.5,65,100,65,398,2
"Normal-Psychic",85,85,70,100,70,400,2
"Normal-Water",79,79,79,79,79,401,1
"Poison-",64.8571428571429,65,70,105,35,416,15
"Poison-Flying",66.6666666666667,75,40,85,40,419,3
"Poison-Dragon",65,65,65,65,65,420,1
"Poison-Ground",85.5,85.5,90,90,81,422,2
"Poison-Fighting",65.5,65.5,48,83,48,424,2
"Poison-Dark",78.6666666666667,70,63,103,63,427,3
"Poison-Water",50,50,50,50,50,428,1
"Poison-Bug",40,40,40,40,40,429,1
"Electric-",61.8181818181818,60,60,90,20,456,27
"Electric-Flying",71,79,79,90,50,461,5
"Electric-Dragon",90,90,90,90,90,462,1
"Electric-Fairy",67,67,67,67,67,463,1
"Electric-Grass",50,50,50,50,50,464,1
"Electric-Steel",48.3333333333333,50,25,70,25,467,3
"Electric-Ice",50,50,50,50,50,468,1
"Electric-Water",50,50,50,50,50,469,1
"Electric-Fire",50,50,50,50,50,470,1
"Electric-Ghost",50,50,50,50,50,471,1
"Electric-Normal",53,53,44,62,44,473,2
"Ground-",64.7142857142857,60,50,108,10,486,13
"Ground-Flying",82,82,89,89,65,490,4
"Ground-Dragon",65,65,50,80,50,492,2
"Ground-Psychic",50,50,40,60,40,494,2
"Ground-Steel",110,110,110,110,110,495,1
"Ground-Rock",100,105,80,115,80,498,3
"Ground-Dark",68.3333333333333,60,50,95,50,501,3
"Ground-Electric",109,109,109,109,109,502,1
"Ground-Fire",100,100,100,100,100,503,1
"Ground-Ghost",74,74,59,89,59,505,2
"Fairy-",74.2857142857143,78,95,126,35,520,15
"Fairy-Flying",70,70,55,85,55,522,2
"Fighting-",67.375,68.5,50,144,35,542,20
"Fighting-Flying",78,78,78,78,78,543,1
"Fighting-Psychic",50,60,60,60,30,546,3
"Fighting-Steel",70,70,70,70,70,548,2
"Fighting-Dark",95,95,95,95,95,549,1
"Psychic-",66.625,65,50,190,25,587,38
"Psychic-Flying",64.75,66,40,106,40,593,6
"Psychic-Fairy",43.5,39,68,68,20,599,6
"Psychic-Grass",100,100,100,100,100,600,1
"Psychic-Fighting",80.6666666666667,68,68,106,68,603,3
"Psychic-Dark",80,80,80,80,80,604,1
"Psychic-Fire",100,100,100,100,100,605,1
"Psychic-Ghost",80,80,80,80,80,606,1
"Rock-",68.4,70,70,97,30,615,9
"Rock-Flying",77.5,77.5,80,80,55,619,4
"Rock-Dragon",70,70,58,82,58,621,2
"Rock-Ground",53.75,52.5,40,80,35,627,6
"Rock-Fairy",50,50,50,50,50,630,3
"Rock-Grass",76,76,66,86,66,632,2
"Rock-Fighting",91,91,91,91,91,633,1
"Rock-Psychic",70,70,70,70,70,635,2
"Rock-Steel",50,60,60,60,30,638,3
"Rock-Ice",100,100,77,123,77,640,2
"Rock-Dark",100,100,100,100,100,642,2
"Rock-Water",51.75,51,35,72,30,648,6
"Rock-Bug",60,60,45,75,45,650,2
"Ghost-Poison",52.5,52.5,60,60,30,654,4
"Ghost-",51.75,51.5,60,64,20,664,10
"Ghost-Flying",120,120,90,150,90,666,2
"Ghost-Dragon",150,150,150,150,150,668,2
"Ghost-Grass",58.25,57,85,85,43,678,10
"Ghost-Dark",50,50,50,50,50,679,1
"Ghost-Fire",56.6666666666667,60,60,60,50,682,3
"Ice-",68,70,80,95,36,695,13
"Ice-Flying",67.5,67.5,90,90,45,697,2
"Ice-Ground",86.6666666666667,100,50,110,50,700,3
"Ice-Psychic",55,55,65,65,45,702,2
"Ice-Water",90,90,70,110,70,705,3
"Ice-Ghost",70,70,70,70,70,706,1
"Dragon-",61.2,65,45,90,41,717,11
"Dragon-Flying",96.5,95,95,105,75,723,6
"Dragon-Ground",94.6666666666667,108,108,108,58,728,5
"Dragon-Fairy",75,75,75,75,75,729,1
"Dragon-Psychic",80,80,80,80,80,733,4
"Dragon-Ice",125,125,125,125,125,736,3
"Dragon-Electric",100,100,100,100,100,737,1
"Dragon-Fire",100,100,100,100,100,738,1
"Dark-",63.5,64.5,70,95,35,748,10
"Dark-Flying",93.3333333333333,100,60,126,60,753,5
"Dark-Dragon",72,72,52,92,52,756,3
"Dark-Fighting",57.5,57.5,50,65,50,758,2
"Dark-Psychic",69.5,69.5,53,86,53,760,2
"Dark-Steel",55,55,45,65,45,762,2
"Dark-Ice",62.5,62.5,55,70,55,764,2
"Dark-Fire",65,75,75,75,45,767,3
"Dark-Ghost",50,50,50,50,50,769,2
"Steel-",63.3333333333333,60,60,80,40,774,5
"Steel-Flying",65,65,65,65,65,775,1
"Steel-Dragon",100,100,100,100,100,776,1
"Steel-Ground",75,75,75,75,75,778,2
"Steel-Fairy",52.3333333333333,50,50,57,50,781,3
"Steel-Fighting",91,91,91,91,91,782,1
"Steel-Psychic",69,67,80,100,40,789,7
"Steel-Rock",60,60,50,70,50,792,3
"Steel-Ghost",59.5,59.5,60,60,45,796,4
"Flying-",79,79,79,79,79,798,2
"Flying-Dragon",62.5,62.5,40,85,40,800,2
